species,taxon_name
Aira caryophyllea L.,Aira caryophyllea
Aira cupaniana Guss.,Aira cupaniana
Aira praecox L.,Aira praecox
Briza maxima L.,Briza maxima
Briza minor L.,Briza minor
Carduus pycnocephalus L.,Carduus pycnocephalus
Centaurium eryhraea Rafn,Centaurium erythraea
Crassula natans Thunb. var. minor (Eckl. & Zeyh.) G.D.Rowley,Crassula natans
Cotula coronopifolia L.,Cotula coronopifolia
Disa bracteata Sw.,Disa bracteata
Heliophila pusilla L.,Heliophila pusilla
Hypochaeris glaba L.,Hypochaeris glabra
Isolepis marginata (Thunb.) A. Dietr.,Isolepis marginata
Lagurus ovatus L.,Lagurus ovatus
Lysimachia arvensis (L.) U.Manns & Anderb.,Lysimachia arvensis
Orobanche minor Sm.,Orobanche minor
Parentucellia latifolia (L.) Caruel,Parentucellia latifolia
Phytolacca octandra L.,Phytolacca octandra
Romulea rosea var. australis (Ewart) M.P.de Vos,Romulea rosea var. australis
Trifolium campestre Schreb.,Trifolium campestre
Vellereophyton dealbatum (Thunb.) Hilliard & B.L.Burtt,Vellereophyton dealbatum
Vulpia myuros (L.) C.C.Gmel.,Vulpia myuros
Acacia browniana H.L.Wendl. var. browniana,Acacia browniana var. browniana
Acacia cyclops G.Don,Acacia cyclops
Acacia leioderma Maslin,Acacia leioderma
Acacia myrtifolia (Sm.) Willd.,Acacia myrtifolia
Acacia sulcata R.Br. var. platyphylla Maiden & Blakely,Acacia sulcata
Agonis flexuosa (Willd.) Sweet,Agonis flexuosa
Agonis theiformis Schauer,Agonis theiformis
Agrostocrinum scabrum (R.Br.) BailL.,Agrostocrinum scabrum
Allocasuarina fraseriana (Miq.) L.Johnson,Allocasuarina fraseriana
Allocasuarina thuyoides (Miq.) L.A.S.Johnson,Allocasuarina thuyoides
Allocasuarina trichodon (Miq.) L.Johnson,Allocasuarina trichodon
Amphipogon debilis R.Br.,Amphipogon debilis
Amphipogon laguroides R.Br.,Amphipogon laguroides
Amphipogon strictus R.Br.,Amphipogon strictus
Anarthria gracilis R.Br.,Anarthria gracilis
Anarthria prolifera R.Br.,Anarthria prolifera
Anarthria scabra R.Br.,Anarthria scabra
Andersonia sprengelioides R.Br.,Andersonia sprengelioides
Anogramma leptophylla (L.) Link.,Anogramma leptophylla
Anthocercis viscosa R.Br.,Anthocercis viscosa
Aphelia cyperoides R.Br.,Aphelia cyperoides
Asplenium aethiopicum (Burm.f.) Bech.,Asplenium aethiopicum
Astartea glomerulosa Schauer,Astartea glomerulosa
Austrostipa compressa (R.Br.) S.W.L.Jacobs & J.Everett,Austrostipa compressa
Austrostipa flavescens (Labill.) S.W.L.Jacobs & J.Everett,Austrostipa flavescens
Banksia formosa R.Br.,Banksia formosa
Banksia grandis Willd.,Banksia grandis
Banksia praemorsa Andrews,Banksia praemorsa
Banksia verticillata R.Br.,Banksia verticillata
Billardiera fusiformis Labill.,Billardiera fusiformis
Billardiera heterophylla (Lindl.) L.Cayzer & Crisp,Billardiera heterophylla
Billardiera laxiflora (Benth.) E. M. Bennett,Billardiera laxiflora
Boronia albiflora R.Br. ex Benth.,Boronia albiflora
Boronia crenulata Sm.,Boronia crenulata
Boronia spathulata Lindl.,Boronia spathulata
Borya nitida Labill.,Borya nitida
Bossiaea linophylla R.Br.,Bossiaea linophylla
Burchardia congesta Lindl.,Burchardia congesta
Caladenia flava R.Br. subsp. flava,Caladenia flava subsp. flava
Caladenia flava subsp. sylvestris Hopper & A.P.Br.,Caladenia flava subsp. sylvestris
Caladenia granitora Hopper & A.P.Br.,Caladenia granitora
Caladenia latifolia R.Br.,Caladenia latifolia
Caladenia marginata Lindl.,Caladenia marginata
Calandrinia calyptrata Hook.f.,Calandrinia calyptrata
Calandrinia sp. southern granites (G.J. Keighery 11266),Calandrinia sp. southern granites (G.J.Keighery 11266)
Callistachys sp. south-coast variant (M. Carter 180),Callistachys sp. south-coast variant (M.Carter 180)
Calytrix hirta (Regel) Nge & K.R.Thiele,Calytrix hirta
Carpobrotus virescens (Haw.) Schwantes,Carpobrotus virescens
Cassytha glabella R.Br.,Cassytha glabella
Centrolepis aristata (R.Br.) Poir.,Centrolepis aristata
Centrolepis drummondiana (Nees) Walp.,Centrolepis drummondiana
Centrolepis glabra (Sond.) Hieron.,Centrolepis glabra
Centrolepis humillima Benth.,Centrolepis humillima
Centrolepis pilosa Hieron.,Centrolepis pilosa
Centrolepis polygyna (R.Br.) Hieron.,Centrolepis polygyna
Centrolepis strigosa (R.Br.) Roem. & Schult.,Centrolepis strigosa
Chamaescilla corymbosa (R.Br.) Benth.,Chamaescilla corymbosa
Chamelaucium orarium N.G.Marchant,Chamelaucium orarium
Chorizema cordatum Lindl.,Chorizema cordatum
Clematis pubescens Endl.,Clematis pubescens
Comesperma virgatum Labill.,Comesperma virgatum
Commersonia corniculata (Sm.) K.A.Sheph. & C.F.Wilkins,Commersonia corniculata
Commersonia corylifolia (Graham) C.F.Wilkins & Whitlock,Commersonia corylifolia
Commersonia parviflora (Endl.) F.Muell.,Commersonia parviflora
Conospermum capitatum R.Br.,Conospermum capitatum
Corymbia calophylla (Lindl.) K.D.Hill & L.A.S.Johnson,Corymbia calophylla
Crassula colorata (Nees) Ostenf.,Crassula colorata
Crassula decumbens Thunb. var. decumbens,Crassula decumbens var. decumbens
Crassula tetramera (Toelken) A.P.Druce & Sykes,Crassula tetramera
Cryptostylis ovata R.Br.,Cryptostylis ovata
Cyanicula gemmata (Lindl.) Hopper & A.P.Br.,Cyanicula gemmata
Cyanicula sericea (Lindl.) Hopper & A.P.Br.,Cyanicula sericea
Cyrtostylis huegelii Endl.,Cyrtostylis huegelii
Cyrtostylis robusta D.L.Jones & M.A.Clem.,Cyrtostylis robusta
Dampiera leptoclada Benth.,Dampiera leptoclada
Dampiera linearis R.Br.,Dampiera linearis
Darwinia citriodora (Endl.) Benth.,Darwinia citriodora
Darwinia diosmoides (DC.) Benth.,Darwinia diosmoides
"Daucus glochidiatus (Labill.) Fisch., C.A.Mey. & Ave-Lall.",Daucus glochidiatus
Desmocladus fasciculatus (R.Br.) B.G.Briggs & L.A.S.Johnson,Desmocladus fasciculatus
Diuris littoralis D.L.Jones & C.J.French,Diuris littoralis
Diuris longifolia R.Br.,Diuris longifolia
Dodonaea ceratocarpa Endl.,Dodonaea ceratocarpa
Drosera drummondii R.Br.,Drosera drummondii
Drosera erythrogyne N.G.Marchant & Lowrie,Drosera erythrogyne
Drosera erythrorhiza Lindl.,Drosera erythrorhiza
Drosera glanduligera Lehm.,Drosera glanduligera
Drosera huegelii Endl.,Drosera huegelii
Drosera menziesii DC.,Drosera menziesii
Drosera modesta Diels,Drosera modesta
Drosera pallida Lindley,Drosera pallida
Drosera sp. Branched styles (S.C. Coffey 193),Drosera sp. Branched styles (S.C.Coffey 193)
Drosera stolonifera Endl.,Drosera stolonifera
Elythranthera brunonis (Endl.) A.S.George,Elythranthera brunonis
Eremosyne pectinata Endl.,Eremosyne pectinata
Eriochilus dilatatus Lindl.,Eriochilus dilatatus
Eriochilus pulchellus Hopper & A.P.Br.,Eriochilus pulchellus
Eriochilus scaber Lindl.,Eriochilus scaber
Eucalyptus angulosa Schauer,Eucalyptus angulosa
Eucalyptus conferruminata D.J.Carr & S.G.M.Carr,Eucalyptus conferruminata
Eucalyptus conferruminata D.J.Carr & S.G.M.Carr x cornuta Labill.,Eucalyptus conferruminata x Eucalyptus cornuta
Eucalyptus cornuta Labill.,Eucalyptus cornuta
Eucalyptus marginata Sm. subsp. marginata,Eucalyptus marginata
Eucalyptus marginata Sm. x megacarpa F.Muell.,Eucalyptus marginata x Eucalyptus megacarpa
Eucalyptus megacarpa F.Muell.,Eucalyptus megacarpa
Euchiton sphaericus (Willd.) Holub,Euchiton sphaericus
Eutaxia myrtifolia (Sm.) R.Br.,Eutaxia myrtifolia
Eutaxia parvifolia Benth.,Eutaxia parvifolia
Gastrolobium bilobum R.Br.,Gastrolobium bilobum
Gastrolobium coriaceum (Sm.) G.Chandler & Crisp,Gastrolobium coriaceum
Glischrocaryon aureum (Lindl.) Orchard,Glischrocaryon aureum
Gonocarpus nodulosus Nees,Gonocarpus nodulosus
Goodenia trinervis (Labill.) K.A.Sheph.,Goodenia trinervis
Gyrostemon sheathii W.Fitzg.,Gyrostemon sheathii
Haemodorum laxum R.Br.,Haemodorum laxum
Haemodorum spicatum R.Br.,Haemodorum spicatum
Hakea drupacea (C.F.Gaertn.) Roem. & Schult.,Hakea drupacea
Hakea elliptica (Sm.) R.Br.,Hakea elliptica
Hakea trifurcata (Sm.) R.Br.,Hakea trifurcata
Hibbertia cunninghamii Hook.,Hibbertia cunninghamii
Hibbertia furfuracea (DC.) Benth.,Hibbertia furfuracea
Hibbertia hemignosta (Steud.) J.R.Wheeler,Hibbertia hemignosta
Histiopteris incisa (Thunb.) J.Sm.,Histiopteris incisa
Homalosciadium homalocarpum (F.Muell.) H.Eichler,Homalosciadium homalocarpum
Hydrocotyle alata A.Rich.,Hydrocotyle alata
Hydrocotyle callicarpa Bunge,Hydrocotyle callicarpa
Hydrocotyle intertexta A.Rich.,Hydrocotyle intertexta
Hydrocotyle serendipita A.J.Perkins,Hydrocotyle serendipita
Hypocalymma angustifolium Endl.,Hypocalymma angustifolium
Isolepis cernua (Vahl) Roem. & Schult.,Isolepis cernua
Isopogon formosus R.Br. subsp. formosus,Isopogon formosus subsp. formosus
Isotropis cuneifolia (Sm.) Benth. ex B.D.Jackson,Isotropis cuneifolia
Isotoma hypocrateriformis (R.Br.) Druce,Isotoma hypocrateriformis
Jacksonia horrida DC.,Jacksonia horrida
Juncus meianthus K.L.Wilson,Juncus meianthus
Kennedia coccinea Vent.,Kennedia coccinea
Kennedia glabrata Lindl.,Kennedia glabrata
Laxmannia jamesii Keighery,Laxmannia jamesii
Lepidosperma angustatum R.Br.,Lepidosperma angustatum
Lepidosperma gracile R.Br.,Lepidosperma gracile
Lepidosperma hopperi R.L.Barrett,Lepidosperma hopperi
Leptoceras menziesii R.Br.,Leptoceras menziesii
Leptorhynchos scaber (Benth.) Haegi,Leptorhynchos scaber
Leucopogon altissimus Hislop,Leucopogon altissimus
Leucopogon capitellatus DC.,Leucopogon capitellatus
Leucopogon obovatus (Labill.) R.Br. subsp. obovatus,Leucopogon obovatus subsp. obovatus
Leucopogon verticillatus R.Br.,Leucopogon verticillatus
Levenhookia pusilla R.Br.,Levenhookia pusilla
Lindsaea linearis Sw.,Lindsaea linearis
Lobelia anceps L.f.,Lobelia anceps
Lobelia gibbosa Labill.,Lobelia gibbosa
Machaerina laxa (Nees) T.Koyama,Machaerina laxa
Macrozamia riedlei (Gaudich.) C.A.Gardner,Macrozamia riedlei
Melaleuca croxfordiae Craven,Melaleuca croxfordiae
Melaleuca diosmifolia Andrews,Melaleuca diosmifolia
Mesomelaena stygia (R.Br.) Nees.,Mesomelaena stygia
Microcorys virgata R.Br.,Microcorys virgata
Microtis media R.Br. subsp. media,Microtis media subsp. media
Millotia tenuifolia Cass.,Millotia tenuifolia
Morelotia octandra (Nees) R.L.Barrett & J.J.Bruhl,Morelotia octandra
Muehlenbeckia adpressa (Labill.) Meisn.,Muehlenbeckia adpressa
Neurachne alopecuroidea R.Br.,Neurachne alopecuroidea
Nuytsia floribunda (Labill.) G.Don,Nuytsia floribunda
Olax phyllanthi (Labill.) R.Br.,Olax phyllanthi
Olearia axillaris (DC.) F.Muell. ex Benth.,Olearia axillaris
Opercularia hispidula Endl.,Opercularia hispidula
Ornduffia parnassifolia (Labill.) Tippery & Les,Ornduffia parnassifolia
Patersonia occidentalis R.Br.,Patersonia occidentalis
Pelargonium drummondii Turcz.,Pelargonium drummondii
Philydrella pygmaea (R.Br.) Caruel,Philydrella pygmaea
Phyllangium paradoxum (R.Br.) Dunlop,Phyllangium paradoxum
Phylloglossum drummondii Kunze.,Phylloglossum drummondii
Pimelea imbricata R.Br. var. imbricata,Pimelea imbricata var. imbricata
Pimelea longiflora R.Br.,Pimelea longiflora
Pimelea rosea R.Br.,Pimelea rosea
Platysace compressa (Labill.) C.Norman,Platysace compressa
Poa porphyroclados Nees,Poa porphyroclados
Poranthera florosa Halford & R.J.F.Hend.,Poranthera florosa
Poranthera microphylla Brongn.,Poranthera microphylla
Prasophyllum elatum R.Br.,Prasophyllum elatum
Prasophyllum fimbria Rchb.f.,Prasophyllum fimbria
Prasophyllum parvifolium Lindl.,Prasophyllum parvifolium
Pteridium esculentum (G.Forst.) Cockayne,Pteridium esculentum
Pterostylis microphylla D.L.Jones & C.J.French,Pterostylis microphylla
Pterostylis turfosa Endl.,Pterostylis turfosa
Pterostylis vittata Lindl.,Pterostylis vittata
Quinetia urvillei Cass.,Quinetia urvillei
Rhodanthe citrina (Benth.) Paul G.Wilson,Rhodanthe citrina
Ricinocarpos glaucus Endl.,Ricinocarpos glaucus
Rytidosperma caespitosum (Gaudich.) Connor & Edgar,Rytidosperma caespitosum
Scaevola globulifera Labill.,Scaevola globulifera
Scaevola nitida R.Br.,Scaevola nitida
Schizaea fistulosa Labill.,Schizaea fistulosa
Schoenus odontocarpus F.Muell.,Schoenus odontocarpus
Schoenus pedicellatus (R.Br.) Benth.,Schoenus pedicellatus
Schoenus sp. Grassy (E. Gude & J. Harvey 250),Schoenus sp. Grassy (E.Gude & J.Harvey 250)
Schoenus sp.,Schoenus sp.
Senecio elegans L.,Senecio elegans
Senecio hispidulus A.Rich.,Senecio hispidulus
Sida hookeriana Miq.,Sida hookeriana
Siloxerus humifusus Labill.,Siloxerus humifusus
Solanum symonii H. Eichler,Solanum symonii
Spyridium globulosum (Labill.) Benth.,Spyridium globulosum
Spyridium majoranifolium (Fenzl) Rye,Spyridium majoranifolium
Stackhousia monogyna Labill.,Stackhousia monogyna
Stylidium adnatum R.Br.,Stylidium adnatum
Stylidium calcaratum R.Br.,Stylidium calcaratum
Stylidium diversifolium R.Br.,Stylidium diversifolium
Stylidium ecorne (F.L.Erickson & J.H.Willis) P.G.Farrell & S.H.James,Stylidium ecorne
Stylidium hirsutum R.Br.,Stylidium hirsutum
Stylidium inundatum R.Br.,Stylidium inundatum
Stylidium plantagineum Sonder,Stylidium plantagineum
Stylidium spathulatum R.Br.,Stylidium spathulatum
Stypandra glauca R.Br.,Stypandra glauca
Styphelia pallida (R.Br.) Spreng.,Styphelia pallida
Synaphea polymorpha R.Br.,Synaphea polymorpha
Taxandria angustifolia (Schauer) J.R.Wheeler & N.G.Marchant,Taxandria angustifolia
Taxandria marginata (Labill.) J.R.Wheeler & N.G.Marchant,Taxandria marginata
Thelymitra antennifera (Lindl.) Hook.f.,Thelymitra antennifera
Thelymitra crinita Lindley,Thelymitra crinita
Thelymitra cucullata Rupp,Thelymitra cucullata
Thelymitra flexuosa Endl.,Thelymitra flexuosa
Thelymitra graminea Lindl.,Thelymitra graminea
Thelymitra granitora D.L.Jones & M.A.Clem.,Thelymitra granitora
Thelymitra macrophylla Lindl.,Thelymitra macrophylla
Thelymitra vulgaris Jeanes,Thelymitra vulgaris
Thomasia discolor Steud.,Thomasia discolor
Thomasia purpurea (Dryand.) J.Gay,Thomasia purpurea
Thomasia solanacea (Sims) J.Gay,Thomasia solanacea
Thryptomene saxicola (Hook.) Schauer,Thryptomene saxicola
Thysanotus isantherus R.Br.,Thysanotus isantherus
Thysanotus patersonii R.Br.,Thysanotus patersonii
Thysanotus sparteus R.Br.,Thysanotus sparteus
Thysanotus tenellus Endl.,Thysanotus tenellus
Trachymene coerulea Graham,Trachymene coerulea
Trachymene pilosa Sm.,Trachymene pilosa
Tribonanthes violacea Endl.,Tribonanthes violacea
"Trithuria austinensis D.D.Sokoloff, Remizowa, T.Macfarlane & Rudall",Trithuria austinensis
Utricularia menziesii R.Br.,Utricularia menziesii
Verticordia plumosa (Desf.) Druce var. plumosa,Verticordia plumosa var. plumosa
Wurmbea dioica (R.Br.) F.Muell. subsp. alba T.Macfarlane,Wurmbea dioica
Xanthorrhoea platyphylla D.J.Bedford,Xanthorrhoea platyphylla
Xanthosia rotundifolia DC.,Xanthosia rotundifolia
Xerochrysum wilsonii T.L.Collins,Xerochrysum wilsonii
